[
    {
        "outputFileName": "wwwroot/css/site.min.css",
        "inputFiles": [
            "wwwroot/css/site.css"
        ]
    },
    {
        "outputFileName": "wwwroot/lib/bootstrap4/bootswatch-flatly.min.css",
        "inputFiles": [
            "wwwroot/lib/bootstrap4/bootswatch-flatly.css"
        ]
    },
    {
        "outputFileName": "wwwroot/lib/angular-spinner/spin.min.css",
        "inputFiles": [
            "wwwroot/lib/angular-spinner/spin.css"
        ]
    },
    {
        "outputFileName": "wwwroot/lib/angular-spinner/spin.min.js",
        "inputFiles": [
            "wwwroot/lib/angular-spinner/spin.js"
        ]
    },
    {
        "outputFileName": "wwwroot/js/essentials.min.js",
        "inputFiles": [
            "wwwroot/js/app.js",
            "wwwroot/js/master.controller.js",
            "wwwroot/js/login.controller.js"
        ]
    },
    {
        "outputFileName": "wwwroot/js/nonessentials.min.js",
        "inputFiles": [
            "wwwroot/js/adminEvals.controller.js",
            "wwwroot/js/assignEval.controller.js",
            "wwwroot/js/viewEval.controller.js",
            "wwwroot/js/viewEvals.controller.js",
            "wwwroot/js/eval.controller.js",
            "wwwroot/js/manageEvals.controller.js",
            "wwwroot/js/group.controller.js",
            "wwwroot/js/course.controller.js",
            "wwwroot/js/courses.controller.js",
            "wwwroot/js/dashboard.controller.js",
            "wwwroot/js/project.controller.js",
            "wwwroot/js/register.controller.js",
            "wwwroot/js/user.controller.js",
            "wwwroot/js/users.controller.js"
        ]
    }
]
